Date,Price,Volume,RSI,ROC,OBV
2021-02-01,262.010009765625,22914300,,,22914300.0
2021-02-02,267.0799865722656,17320800,,,40235100.0
2021-02-03,266.6499938964844,14223400,,,26011700.0
2021-02-04,266.489990234375,16060000,,,9951700.0
2021-02-05,268.1000061035156,12454400,,,22406100.0
2021-02-08,266.5799865722656,13755200,,,8650900.0
2021-02-09,269.45001220703125,14613400,,,23264300.0
2021-02-10,271.8699951171875,14687200,,,37951500.0
2021-02-11,270.3900146484375,12828600,,,25122900.0
2021-02-12,270.5,9097600,,,34220500.0
2021-02-16,273.9700012207031,15417200,,4.564707839130522,49637700.0
2021-02-17,273.57000732421875,12763200,,2.429991417644861,36874500.0
2021-02-18,269.3900146484375,15249100,,1.0275720287534762,21625400.0
2021-02-19,261.5599975585937,25622600,,-1.8499729282309696,-3997200.0
2021-02-22,260.3299865722656,17434900,47.43742639426143,-2.8981795428419055,-21432100.0
2021-02-23,265.8599853515625,21924600,55.51867553362888,-0.2700882500449642,492500.0
2021-02-24,264.3099975585937,15736100,53.05644914497362,-1.907594884237096,-15243600.0
2021-02-25,254.69000244140625,19053100,40.925083002494205,-6.31919409435967,-34296700.0
2021-02-26,257.6199951171875,26619500,45.04647083388098,-4.72281476364933,-7677200.0
2021-03-01,264.9100036621094,22157300,53.70124706632773,-2.0665420842479243,14480100.0
2021-03-02,259.0,15191700,47.209861866341676,-5.464102330183107,-711600.0
2021-03-03,255.41000366210935,15513500,43.75027133621813,-6.638155929347644,-16225100.0
2021-03-04,257.6400146484375,31626500,46.37887767126909,-4.36170583951826,15401400.0
2021-03-05,264.2799987792969,26820100,53.36675787252435,1.0399148364014899,42221500.0
2021-03-08,255.30999755859372,18391800,44.86140121842227,-1.9283176247844147,23829700.0
2021-03-09,265.739990234375,22039700,54.03474322308226,-0.04513470390394847,45869400.0
2021-03-10,264.8999938964844,14210300,53.2661418186778,0.22322134741039612,31659100.0
2021-03-11,273.8800048828125,21834000,59.84241476505242,7.534650852980018,53493100.0
2021-03-12,268.3999938964844,20600200,54.77677931917321,4.184457333908886,32892900.0
2021-03-15,273.75,16844800,58.47264847870378,3.336980942843515,49737700.0
2021-03-16,279.2799987792969,22437700,61.93547661168803,7.830115358801892,72175400.0
2021-03-17,284.010009765625,21315000,64.65066372821437,11.19768438723785,93490400.0
2021-03-18,278.6199951171875,18728300,59.44686154881842,8.143137430487357,74762100.0
2021-03-19,290.1099853515625,38930500,65.77167640894847,9.773719801564141,113692600.0
2021-03-22,293.5400085449219,28273100,67.40594638839784,14.973957679645643,141965700.0
2021-03-23,290.6300048828125,23000900,64.5883826726893,9.366303741670645,118964800.0
2021-03-24,282.1400146484375,18675000,57.0905140381607,6.508124254125147,100289800.0
2021-03-25,278.739990234375,24505600,54.36850038087838,1.7744944008022623,75784200.0
2021-03-26,283.0199890136719,17629200,57.138861253559405,5.44709219435604,93413400.0
2021-03-29,290.82000732421875,21718800,61.702194197336254,6.235619113869872,115132200.0
2021-03-30,288.0,17474500,59.24624934551521,3.1223149737959366,97657700.0
2021-03-31,294.5299987792969,19498200,62.92612798218806,3.704090930581394,117155900.0
2021-04-01,298.6600036621094,17616000,65.07413283457517,7.192595253794698,134771900.0
2021-04-05,308.9100036621094,28237000,69.75735786072264,6.4803072144395735,163008900.0
2021-04-06,306.260009765625,17335200,67.24677265180082,4.333310911775268,145673700.0
2021-04-07,313.0899963378906,22855200,70.22150158267925,7.728036017524897,168528900.0
2021-04-08,313.0199890136719,20894100,70.15117224262414,10.944911307143922,147634800.0
2021-04-09,312.4599914550781,15988600,69.55110789952072,12.097295831986688,131646200.0
2021-04-12,311.5400085449219,10881900,68.51424326135334,10.077033650747635,120764300.0
2021-04-13,309.760009765625,14036900,66.45010718347349,6.512620165190741,106727400.0
2021-04-14,302.82000732421875,17421400,58.9882402216655,5.145835876464844,89306000.0
2021-04-15,307.82000732421875,14558300,62.27505684249587,4.512276712050856,103864300.0
2021-04-16,306.17999267578125,13059200,60.56062653582439,2.517909636865756,90805100.0
2021-04-19,302.239990234375,14553500,56.53393497163234,-2.1592092676383956,76251600.0
2021-04-20,302.6499938964844,16796400,56.85541957871409,-1.1787421648367657,93048000.0
2021-04-21,301.4700012207031,14863500,55.58128672603827,-3.7113913740786098,78184500.0
2021-04-22,296.5199890136719,16375400,50.47152217041646,-5.271228860492783,61809100.0
2021-04-23,301.1300048828125,17536800,54.65275219955552,-3.6260599379471348,79345900.0
2021-04-26,303.0400085449219,16172600,56.29886013199324,-2.7283815134049982,95518500.0
2021-04-27,303.57000732421875,15309300,56.767824468505744,-1.9983220061523865,110827800.0
2021-04-28,307.1000061035156,33907200,59.8576516984381,1.413380449038315,144735000.0
2021-04-29,329.510009765625,56526800,73.03401273793502,7.046326400272207,201261800.0
2021-04-30,325.0799865722656,26332400,68.26385975341987,6.172837660394714,174929400.0
2021-05-03,322.5799865722656,18719500,65.65763957857811,6.729750196894124,156209900.0
2021-05-04,318.3599853515625,24032600,61.39654250473148,5.190811753477664,132177300.0
2021-05-05,315.0199890136719,15577600,58.1783244337571,4.494638849007382,116599700.0
2021-05-06,320.0199890136719,19012200,61.437068769158124,7.925266717488122,135611900.0
2021-05-07,319.0799865722656,15916700,60.482900151566,5.960874505494229,119695200.0
2021-05-10,305.9700012207031,24239200,49.042843126447785,0.966866616012152,95456000.0
2021-05-11,306.5299987792969,18920100,49.482391798982526,0.975060573726827,114376100.0
2021-05-12,302.54998779296875,24645500,46.41782301873372,-1.4816080169705925,89730600.0
2021-05-13,305.260009765625,18079200,48.745506169162994,-7.359412242817331,107809800.0
2021-05-14,315.94000244140625,19245700,56.724194406610884,-2.8116108368386294,127055500.0
2021-05-17,315.4599914550781,15401300,56.29999233182424,-2.2072029926110903,111654200.0
2021-05-18,309.9599914550781,14522400,51.54362281364996,-2.638520631670571,97131800.0
2021-05-19,313.5899963378906,19106200,54.28849409521612,-0.4539371232468614,116238000.0
2021-05-20,318.6099853515625,17320200,57.84482511853931,-0.4405986221220459,133558200.0
2021-05-21,316.2300109863281,13600900,55.63489706819015,-0.8931853158681391,119957300.0
2021-05-24,324.6300048828125,16445400,61.260386125847575,6.098638293840275,136402700.0
2021-05-25,327.7900085449219,16437000,63.153216399386814,6.935702818741829,152839700.0
2021-05-26,327.6600036621094,9686900,63.016799087699546,8.299460215586961,143152800.0
2021-05-27,332.75,20477700,66.1040003838636,9.00543450007798,163630500.0
2021-05-28,328.7300109863281,12037400,61.72181054113547,4.048239680346866,151593100.0
2021-06-01,329.1300048828125,11765900,61.99180439607104,4.333358840428736,163359000.0
2021-06-02,329.1499938964844,11654300,62.00622679824782,6.191122393351667,175013300.0
2021-06-03,326.0400085449219,12610800,58.29961023128158,3.9701560484781684,162402500.0
2021-06-04,330.3500061035156,13289400,61.7152462175141,3.6847623400750873,175691900.0
2021-06-07,336.5799865722656,20136700,66.04470242788271,6.435181633288223,195828600.0
2021-06-08,333.67999267578125,14580500,62.50152277239707,2.7877853731467894,181248100.0
2021-06-09,330.25,13727900,58.503736413459926,0.7504778641661991,167520200.0
2021-06-10,332.4599914550781,13240200,60.267175673964466,1.4649294205339114,180760400.0
2021-06-11,331.260009765625,13587900,58.80587056188339,-0.4477806865138989,167172500.0
2021-06-14,336.7699890136719,12250800,63.21625126115421,2.4457694030491473,179423300.0
2021-06-15,336.75,15795200,63.18982023924203,2.3151930860574765,163628100.0
2021-06-16,331.0799865722656,17232200,56.03319890464906,0.5863565886585542,146395900.0
2021-06-17,336.510009765625,17794100,60.63163900639916,3.211262712030183,164190000.0
2021-06-18,329.6600036621094,23039500,53.08837885346654,-0.2088701161367723,141150500.0
2021-06-21,332.2900085449219,11337500,55.38349970545467,-1.2745790595076523,152488000.0
2021-06-22,339.0299987792969,15345300,60.69115593287198,1.6033343985097481,167833300.0
2021-06-23,340.5899963378906,14817800,61.82318179677172,3.130960283994133,182651100.0
2021-06-24,343.17999267578125,12329100,63.69266007144727,3.224448503949273,194980200.0
2021-06-25,341.3699951171875,14594400,61.428766482040665,3.051978824342716,180385800.0
2021-06-28,355.6400146484375,29156100,70.37050765884374,5.603238486312856,209541900.0
2021-06-29,351.8900146484375,21417300,66.03795765385895,4.495921202208608,188124600.0
2021-06-30,347.7099914550781,15107500,61.493186641740614,5.022956855527916,173017100.0
2021-07-01,354.3900146484375,17137000,65.57099495848769,5.31336494128829,190154100.0
2021-07-02,354.70001220703125,11521300,65.75224840720495,7.595707173074917,201675400.0
2021-07-06,352.7799987792969,13488500,63.52168540295304,6.166297423175449,188186900.0
2021-07-07,350.489990234375,14218900,60.86939898989121,3.3802293296583352,173968000.0
2021-07-08,345.6499938964844,14406500,55.58663281152304,1.4856565410024114,159561500.0
2021-07-09,350.4200134277344,13018700,59.332636497296434,2.109686143269185,172580200.0
2021-07-12,353.1600036621094,10018600,61.34926454522921,3.453733108814827,182598800.0
2021-07-13,352.0899963378906,11456000,60.09598581792777,-0.9982055349019636,171142800.0
2021-07-14,347.6300048828125,13894200,55.04806722835737,-1.2106083117706667,157248600.0
2021-07-15,344.4599914550781,14781600,51.722554583016326,-0.9346869747399511,142467000.0
2021-07-16,341.1600036621094,11026100,48.44180727758503,-3.73317826108972,131440900.0
2021-07-19,336.95001220703125,14372300,44.55870409970768,-5.0042287536318675,117068600.0
2021-07-20,341.6600036621094,11024300,49.44157987388546,-3.1521047552767523,128092900.0
2021-07-21,346.2300109863281,9279700,53.70230154081713,-1.2154353524328032,137372600.0
2021-07-22,351.19000244140625,12385400,57.8537297620009,1.6027798763916579,149758000.0
2021-07-23,369.7900085449219,33694300,69.05837464040178,5.527650926017125,183452300.0
2021-07-26,372.4599914550781,14925200,70.27981032531815,5.464941554206759,198377500.0
2021-07-27,367.80999755859375,15705400,65.4351101698343,4.464767924169344,182672100.0
2021-07-28,373.2799987792969,29676900,68.21118039479973,7.378532789518877,212349000.0
2021-07-29,358.32000732421875,33413200,55.16247027926424,4.0236939595198695,178935800.0
2021-07-30,356.29998779296875,15976200,53.6695089916995,4.437795746377793,162959600.0
2021-08-02,351.95001220703125,13180400,50.499861526903445,4.451698903866963,149779200.0
2021-08-03,351.239990234375,12406100,49.98099235656837,2.803953190183739,137373100.0
2021-08-04,358.9200134277344,14180600,55.32764481923328,3.6651942462339937,151553700.0
2021-08-05,362.9700012207031,10247200,57.884270116298374,3.354309262053179,161800900.0
2021-08-06,363.510009765625,8925000,58.227551118639845,-1.6982608059119553,170725900.0
2021-08-09,361.6099853515625,7798900,56.48306730662364,-2.9130661956813797,162927000.0
2021-08-10,361.1300048828125,7469900,56.026420565180246,-1.8161531008186071,155457100.0
2021-08-11,359.9599914550781,8400300,54.86206347510504,-3.568368883352424,147056800.0
2021-08-12,362.6499938964844,7170700,57.071035614254825,1.2084132852642204,154227500.0
2021-08-13,363.1799926757813,7195700,57.51221931773496,1.930958495235835,161423200.0
2021-08-16,366.55999755859375,11222100,60.31339375413831,4.151153528862017,172645300.0
2021-08-17,358.45001220703125,12328700,51.53412334709668,2.0527337925972278,160316600.0
2021-08-18,355.45001220703125,10042400,48.70960047921801,-0.9667895605943388,150274200.0
2021-08-19,355.1199951171875,12004500,48.3953659970324,-2.1627148461622947,138269700.0
2021-08-20,359.3699951171875,8697700,52.63325875830645,-1.1388997654031008,146967400.0
2021-08-23,363.3500061035156,10942000,56.256173047556146,0.48118714151696995,157909400.0
2021-08-24,365.510009765625,9235100,58.12798952721071,1.2128609707282134,167144500.0
2021-08-25,368.3900146484375,9684500,60.55179182593522,2.3419333796743436,176829000.0
2021-08-26,364.3800048828125,7888700,55.715768429035336,0.47704701928712456,168940300.0
2021-08-27,372.6300048828125,11219100,62.37378834606356,2.6020189431160246,180159400.0
2021-08-30,380.6600036621094,13547300,67.49621886134396,3.8465752393676667,193706700.0
2021-08-31,379.3800048828125,12345400,65.95483440304832,5.839026911147838,181361300.0
2021-09-01,382.0499877929688,11567200,67.61611899042316,7.483464530152961,192928500.0
2021-09-02,375.2799987792969,14832900,59.665902341821386,5.676955378267756,178095600.0
2021-09-03,376.260009765625,7509600,60.391908499784094,4.699895616752814,185605200.0
2021-09-07,382.1799926757813,10793800,64.54370024668818,5.1823273031406325,196399000.0
2021-09-08,377.5700073242188,11067200,59.32841390096913,3.2994985736032323,185331800.0
2021-09-09,378.0,9098900,59.65586832891724,2.6086443631577527,194430700.0
2021-09-10,378.6900024414063,11549600,60.209490546348974,3.9272181148348073,205980300.0
2021-09-13,376.510009765625,13026300,57.52371831458698,1.041248646638837,192954000.0
2021-09-14,376.5299987792969,8711600,57.542419988379166,-1.0849589773236246,201665600.0
2021-09-15,373.9200134277344,17940300,54.18762860398785,-1.439187986927426,183725300.0
2021-09-16,373.05999755859375,11934200,53.08928716557734,-2.3530926636874283,171791100.0
2021-09-17,364.7200012207031,26299000,43.81458443320148,-2.8138983140436724,145492100.0
2021-09-20,355.70001220703125,19822800,36.406628377795535,-5.464305805817826,125669300.0
2021-09-21,357.4800109863281,11751900,38.61239112231398,-6.462918562669806,137421200.0
2021-09-22,343.2099914550781,43692900,29.714218842726613,-9.10030330868834,93728300.0
2021-09-23,345.9599914550781,21806300,32.92229816248867,-8.47619273675182,115534600.0
2021-09-24,352.9599914550781,18801900,40.38174940292959,-6.794478549855388,134336500.0
2021-09-27,353.5799865722656,15205800,41.00749878219826,-6.090149690212265,149542300.0
2021-09-28,340.6499938964844,21710300,33.184822023676475,-9.529122513248556,127832000.0
2021-09-29,339.6099853515625,14452200,32.645389324564256,-9.175766699848708,113379800.0
2021-09-30,339.3900146484375,16547100,32.52496140475135,-9.025353329357689,96832700.0
2021-10-01,343.010009765625,14905300,36.66564915062199,-5.952509152888696,111738000.0
2021-10-04,326.2300109863281,42885000,28.067549712219087,-8.285071748479567,68853000.0
2021-10-05,332.9599914550781,35377900,34.68322776502255,-6.859130238805933,104230900.0
2021-10-06,333.6400146484375,26443000,35.33043601689666,-2.7883736035969164,130673900.0
2021-10-07,329.2200012207031,28307500,33.03888633478524,-4.8387069741700595,102366400.0
2021-10-08,330.04998779296875,15946100,33.905799887141455,-6.4908216842546,118312500.0
2021-10-11,325.45001220703125,14708200,31.473758942373674,-7.955759780958383,103604300.0
2021-10-12,323.7699890136719,31658700,30.61017001837987,-4.9552341656409755,71945600.0
2021-10-13,324.5400085449219,14761500,31.537390560396595,-4.437436311255771,86707100.0
2021-10-14,328.5299987792969,14302200,36.288141573125536,-3.199863107460643,101009300.0
2021-10-15,324.760009765625,21596400,33.89485071378618,-5.320544439058795,79412900.0
2021-10-18,335.3399963378906,21585000,44.88134389063171,2.7925037687425602,100997900.0
2021-10-19,339.989990234375,18786300,48.900993573393364,2.1113644160593914,119784200.0
2021-10-20,340.7799987792969,13639500,49.57383024850103,2.140026320998367,133423700.0
2021-10-21,341.8800048828125,16354400,50.550189887293264,3.845453986746805,149778100.0
2021-10-22,324.6099853515625,35224500,38.08302525422346,-1.6482359165601923,114553600.0
2021-10-25,328.69000244140625,38409000,41.73878999742135,0.9955415925177125,152962600.0
2021-10-26,315.8099975585937,65654000,34.76124610968084,-2.4585328242828774,87308600.0
2021-10-27,312.2200012207031,29971800,33.100293548565965,-3.7961443889323876,57336800.0
2021-10-28,316.9200134277344,50806800,37.32271638823257,-3.533919396919971,108143600.0
2021-10-29,323.57000732421875,37059400,42.82162223517636,-0.3664251772455218,145203000.0
2021-11-01,329.9800109863281,31518900,47.59434275595624,-1.5983734150702866,176721900.0
2021-11-02,328.0799865722656,28353000,46.359093235083634,-3.503045384924164,148368900.0
2021-11-03,331.6199951171875,20786500,49.01417920440398,-2.6879522550975143,169155400.0
2021-11-04,335.8500061035156,22495300,52.06724878709635,-1.7637763815300689,191650700.0
2021-11-05,341.1300048828125,26872800,55.638120402736455,5.089190190301229,218523500.0
2021-11-08,338.6199951171875,18342500,53.59410042008035,3.021081445138085,200181000.0
2021-11-09,335.3699951171875,17556700,50.982387199907485,6.193596690986558,182624300.0
2021-11-10,327.6400146484375,21872600,45.3248826827158,4.938829468786721,160751700.0
2021-11-11,327.739990234375,12376600,45.40925966158687,3.414103353592046,173128300.0
2021-11-12,340.8900146484375,25414300,55.20210951548442,5.3527851568962115,198542600.0
2021-11-15,347.5599975585937,25076600,59.2000186719802,5.3275913652218065,223619200.0
2021-11-16,342.9599914550781,18181100,55.520054330863246,4.535480825355043,205438100.0
2021-11-17,340.7699890136719,13602800,53.80523958007857,2.759180396601524,191835300.0
2021-11-18,338.69000244140625,17487200,52.15751420874915,0.8456144964354317,174348100.0
2021-11-19,345.29998779296875,26488500,56.69601837363019,1.2224028524224329,200836600.0
2021-11-22,341.010009765625,27116800,53.170606445187794,0.7058102542380595,173719800.0
2021-11-23,337.25,17225000,50.22294197312562,0.5605763515473594,156494800.0
2021-11-24,341.0599975585937,13566200,53.062475631068715,4.095953580198697,170061000.0
2021-11-26,333.1199951171875,14750700,47.040114577995105,1.641546665991278,155310300.0
2021-11-29,338.0299987792969,16650900,50.761701612118145,-0.838984935387499,171961200.0
2021-11-30,324.4599914550781,25390000,41.98120645483929,-6.64633624864186,146571200.0
2021-12-01,310.6000061035156,30329600,35.27058330807685,-9.435498646436457,116241600.0
2021-12-02,310.3900146484375,24396200,35.17883186899043,-8.915096793930266,91845400.0
2021-12-03,306.8399963378906,27471000,33.58809177532835,-9.40388138826912,64374400.0
2021-12-06,317.8699951171875,21758300,42.31587021571268,-7.943815130461984,86132700.0
2021-12-07,322.8099975585937,18794000,45.75429474433614,-5.337090315776982,104926700.0
2021-12-08,330.5599975585937,19937700,50.71742595046131,-1.9836923473406376,124864400.0
2021-12-09,329.82000732421875,16879200,50.244721372791275,-3.295604971217392,107985200.0
2021-12-10,329.75,14528000,50.197054900110736,-1.0116460034174657,93457200.0
2021-12-13,334.489990234375,22948700,53.41922133201278,-1.04724685906743,116405900.0
2021-12-14,333.739990234375,20461000,52.83671950908957,2.8601365418520874,95944900.0
2021-12-15,341.6600036621094,24681300,58.040077974159466,9.99999901746369,120626200.0
2021-12-16,334.8999938964844,22635000,52.69610397071497,7.8965102262738895,97991200.0
2021-12-17,333.7900085449219,40012600,51.85188423659189,8.783083212318266,57978600.0
2021-12-20,325.45001220703125,17901800,45.90159514128923,2.3846280574702394,40076800.0
2021-12-21,334.20001220703125,16116800,52.11082523195174,3.528395878250379,56193600.0
2021-12-22,330.45001220703125,16764600,49.489194169888265,-0.033272432349573666,39429000.0
2021-12-23,335.239990234375,13987700,52.75849077697288,1.6433153810551993,53416700.0
2021-12-27,346.17999267578125,17795000,59.24639769921088,4.98256032624147,71211700.0
2021-12-28,346.2200012207031,16637600,59.26842858878657,3.506834682290183,87849300.0
2021-12-29,342.94000244140625,10747000,56.568535454409826,2.756640641287955,77102300.0
2021-12-30,344.3599853515625,10593300,57.47175788102453,0.7902539543736875,87695600.0
2021-12-31,336.3500061035156,12870500,51.02546325336193,0.4329687170670615,74825100.0
2022-01-03,338.5400085449219,14537900,52.59117829203889,1.4230503844936848,89363000.0
2022-01-04,336.5299987792969,15998000,50.98022702309791,3.4045125692658607,73365000.0
2022-01-05,324.1700134277344,20564500,42.382880301799105,-3.0011964132076296,52800500.0
2022-01-06,332.4599914550781,27962800,48.639143882795,0.6082551592667462,80763300.0
2022-01-07,331.7900085449219,14722000,48.183779160568015,-1.029108039002491,66041300.0
2022-01-10,328.07000732421875,24942400,45.62941728589959,-5.231378396995812,41098900.0
2022-01-11,334.3699951171875,16226800,50.42282780291334,-3.422680972137615,57325700.0
2022-01-12,333.260009765625,14104900,49.59323439397521,-2.8226490368195356,43220800.0
2022-01-13,326.4800109863281,14797100,44.75007347438692,-5.192233455051531,28423700.0
2022-01-14,331.8999938964844,16868500,49.034891696748666,-1.3230302144432549,45292200.0
2022-01-18,318.1499938964844,22645600,40.46183433683368,-6.022926133923068,22646600.0
2022-01-19,319.5899963378906,20814700,41.613140524144384,-5.0337273059914756,43461300.0
2022-01-20,316.5599975585937,16925000,39.866253877298355,-2.347538499527857,26536300.0
2022-01-21,303.1700134277344,28710700,33.22791249881515,-8.810076033254488,-2174400.0
2022-01-24,308.7099914550781,38878100,37.83980509873495,-6.9562122111699765,36703700.0
2022-01-25,300.1499938964844,25108500,33.93916672882477,-8.510382785507764,11595200.0
2022-01-26,294.6300048828125,28348800,31.671863187464105,-11.885034786224535,-16753600.0
2022-01-27,294.6400146484375,21629900,31.68077614410183,-11.588547676136763,4876300.0
2022-01-28,301.7099914550781,21871600,37.847565620523504,-7.586994210278708,26747900.0
2022-01-31,313.260009765625,21579500,46.36508554285909,-5.616144764580189,48327400.0
2022-02-01,319.0,18023800,50.03010760071972,0.26717149766539716,66351200.0
2022-02-02,323.0,58458300,52.46764802107432,1.0669932417108896,124809500.0
2022-02-03,237.75999450683597,188119900,24.75510604411026,-24.892596556572887,-63310400.0
2022-02-04,237.08999633789065,89342200,24.64491989414804,-21.796356553447527,-152652600.0
2022-02-07,224.91000366210935,88613800,22.66948815752269,-27.145213991288298,-241266400.0
2022-02-08,220.17999267578125,94729700,21.934202212550648,-26.643345942656637,-335996100.0
2022-02-09,232.0,86563300,28.20136555407375,-21.257171314823566,-249432800.0
2022-02-10,228.07000732421875,49310400,27.41335668207656,-22.593674998166712,-298743200.0
2022-02-11,219.5500030517578,46156900,25.734515114107833,-27.23144434398129,-344900100.0
2022-02-14,217.6999969482422,38184000,25.371180970218514,-30.50501495191772,-383084100.0
2022-02-15,221.0,42685500,27.34179137792386,-30.72100313479624,-340398600.0
2022-02-16,216.5399932861328,45817500,26.32986550953139,-32.95975440057808,-386216100.0
2022-02-17,207.7100067138672,38747500,24.4041397070187,-12.638790581779224,-424963600.0
2022-02-18,206.16000366210935,37128400,24.071324630140058,-13.045675968420522,-462092000.0
2022-02-22,202.0800018310547,39852400,23.1753846265181,-10.150727606297593,-501944400.0
2022-02-23,198.4499969482422,44481400,22.37735462748019,-9.86919631682287,-546425800.0
2022-02-24,207.6000061035156,49957200,29.012817294905645,-10.517238748484658,-496468600.0
2022-02-25,210.47999572753903,37627600,31.01181174496998,-7.712549231286769,-458841000.0
2022-02-28,211.02999877929688,34239800,31.409055692815098,-3.880666888650597,-424601200.0
2022-03-01,203.4900054931641,27094900,28.948155555657255,-6.527327356121415,-451696100.0
2022-03-02,208.1100006103516,29452100,32.440987150163075,-5.832578909343167,-422244000.0
2022-03-03,202.97000122070312,27263500,30.63652401502168,-6.266737086067287,-449507500.0
2022-03-04,200.05999755859372,32130900,29.631620182098423,-3.683023883298897,-481638400.0
2022-03-07,187.47000122070312,38560600,25.703427324400675,-9.065775179184921,-520199000.0
2022-03-08,190.2899932861328,37508100,28.00562666483738,-5.8343272159996795,-482690900.0
2022-03-09,198.5,31894700,34.380711540451934,0.025196801474813846,-450796200.0
2022-03-10,195.2100067138672,24853000,33.11524246294563,-5.968207623014409,-475649200.0
2022-03-11,187.6100006103516,34694500,30.33733533798416,-10.86563834160852,-510343700.0
2022-03-14,186.6300048828125,31010500,29.98800819818641,-11.562334283100107,-541354200.0
2022-03-15,192.02999877929688,31721700,34.465923257320206,-5.63172952209301,-509632500.0
2022-03-16,203.6300048828125,40640300,42.91272605424402,-2.1527056433616965,-468992200.0
2022-03-17,207.83999633789065,29499700,45.6506849555648,2.399366944818637,-439492500.0
2022-03-18,216.4900054931641,52128000,50.865014643688035,8.212540305444293,-387364500.0
2022-03-21,211.4900054931641,30142300,47.99840013687271,12.812718896919883,-417506800.0
2022-03-22,216.6499938964844,31998800,51.06351196312791,13.852541668186902,-385508000.0
2022-03-23,213.4600067138672,23717300,49.13532839539717,7.536527311771879,-409225300.0
2022-03-24,219.57000732421875,31502300,52.81083327940069,12.478868793881915,-377723000.0
2022-03-25,221.82000732421875,40039000,54.12544815337266,18.23463919970778,-337684000.0
2022-03-28,223.58999633789065,26224100,55.18316673848057,19.803884953164854,-311459900.0
2022-03-29,229.8600006103516,31417900,58.80650508222639,19.700047946432232,-280042000.0
2022-03-30,227.8500061035156,25588000,57.20970999742487,11.894122005566675,-305630000.0
2022-03-31,222.3600006103516,24192300,52.97830613788322,6.986145365810836,-329822300.0
2022-04-01,224.8500061035156,19544800,54.61780980615221,3.8616104199856283,-310277500.0
2022-04-04,233.88999938964844,28054800,60.06221659115006,10.591514168364968,-282222700.0
2022-04-05,231.83999633789065,29727200,58.35260885100835,7.011309886610961,-311949900.0
2022-04-06,223.3000030517578,28995100,51.74490704491917,4.609761092662512,-340945000.0
2022-04-07,222.9499969482422,21037200,51.487574117584714,1.5393676327716932,-361982200.0
2022-04-08,222.3300018310547,18375700,51.0037062089204,0.22991366423070758,-380357900.0
2022-04-11,216.4600067138672,20516600,46.54385008345826,-3.188867901428194,-400874500.0
2022-04-12,214.13999938964844,20128800,44.8737304281998,-6.838945957957687,-421003300.0
2022-04-13,214.9900054931641,19231800,45.6433137141137,-5.6440641939281,-401771500.0
2022-04-14,210.17999267578125,18379500,42.064632645873175,-5.477607438899835,-420151000.0
2022-04-18,210.7700042724609,16580800,42.658533056703696,-6.261953057084901,-403570200.0
2022-04-19,217.30999755859372,20089900,48.910324002402064,-7.088803229860763,-383480300.0
2022-04-20,200.4199981689453,43036500,37.53006835489702,-13.552449389773491,-426516800.0
2022-04-21,188.07000732421875,49954100,31.71858533853295,-15.776979510104727,-476470900.0
2022-04-22,184.1100006103516,36426800,30.10863438553099,-17.420944996427746,-512897700.0
2022-04-25,186.9900054931641,29281100,32.780863849867906,-15.895289005909753,-483616600.0
2022-04-26,180.9499969482422,31747400,30.175139226766373,-16.404882502181916,-515364000.0
2022-04-27,174.9499969482422,71062900,27.810247020382807,-18.30111261469477,-586426900.0
2022-04-28,205.72999572753903,100890600,49.62250646282598,-4.307181510314207,-485536300.0
2022-04-29,200.47000122070312,49193400,47.008521603716616,-4.619845748142415,-534729700.0
2022-05-02,211.1300048828125,49915300,52.472693121683065,0.17080258246151558,-484814400.0
2022-05-03,212.02999877929688,41556300,52.914137218447756,-2.42970817662137,-443258100.0
2022-05-04,223.41000366210935,41375900,58.20086955023994,11.470913932343452,-401882200.0
2022-05-05,208.27999877929688,41129200,50.14031132814984,10.745993868250125,-443011400.0
2022-05-06,203.7700042724609,34747200,48.006023406457246,10.678400737023264,-477758600.0
2022-05-09,196.2100067138672,36303200,44.58039524150584,4.930745467591402,-514061800.0
2022-05-10,197.6499938964844,34452500,45.37989561046625,9.229067272667034,-479609300.0
2022-05-11,188.7400054931641,31153400,41.400107845737345,7.8822570937235215,-510762700.0
2022-05-12,191.2400054931641,38262200,42.9129091329167,-7.043207376315186,-472500500.0
2022-05-13,198.6199951171875,24549800,47.242710464048926,-0.9228343853197818,-447950700.0
2022-05-16,200.0399932861328,27112600,48.0590237817857,-5.252693288590216,-420838100.0
2022-05-17,202.6199951171875,24872700,49.58535242920424,-4.438052971883611,-395965400.0
2022-05-18,192.2400054931641,23960000,43.985128404276864,-13.95192590215768,-419925400.0
2022-05-19,191.2899932861328,24446900,43.500881334266154,-8.15729095099883,-444372300.0
2022-05-20,193.5399932861328,31465600,45.0440516475919,-5.020371385304356,-412906700.0
2022-05-23,196.22999572753903,25059200,46.91099695744507,0.010187560770535953,-387847500.0
2022-05-24,181.27999877929688,50406300,38.98448978168748,-8.282315012749763,-438253800.0
2022-05-25,183.8300018310547,28030200,40.821269676932076,-2.60146419370918,-410223600.0
2022-05-26,191.6300048828125,23056500,46.16025380289093,0.20393190673817507,-387167100.0
2022-05-27,195.1300048828125,22562700,48.4094190279032,-1.7571192831395854,-364604400.0
2022-05-31,193.63999938964844,26131100,47.49968673714082,-3.1993571842056423,-390735500.0
2022-06-01,188.63999938964844,36623500,44.479000757627674,-6.899613100599266,-427359000.0
2022-06-02,198.8600006103516,31951600,51.296713923894245,3.443609513121304,-395407400.0
2022-06-03,190.77999877929688,19465000,46.44125186486795,-0.26660804262410576,-414872400.0
2022-06-06,194.25,30574200,48.687546166039716,0.36685271184107027,-384298200.0
2022-06-07,195.6499938964844,18828700,49.60587318137243,-0.2955724627645373,-365469500.0
2022-06-08,196.63999938964844,22267200,50.283470266471866,8.473080711486492,-343202300.0
2022-06-09,184.0,23501600,42.43766969600353,0.09247574783877166,-366703900.0
2022-06-10,175.57000732421875,27450800,38.16108069103619,-8.380732218012998,-394154700.0
2022-06-13,164.25999450683594,31749300,33.310948563498776,-15.820227337418402,-425904000.0
2022-06-14,163.72999572753906,27244300,33.09865360144002,-15.446190743847055,-453148300.0
2022-06-15,169.35000610351562,30008300,37.63728227838635,-10.225823446006299,-423140000.0
2022-06-16,160.8699951171875,26944100,33.90017383128921,-19.103894889149732,-450084100.0
2022-06-17,163.74000549316406,31374200,36.20878121151311,-14.173390008988275,-418709900.0
2022-06-21,157.0500030517578,50724900,33.29006482758345,-19.15057757953266,-469434800.0
2022-06-22,155.85000610351562,47267800,32.77965281449669,-20.342442644811108,-516702600.0
2022-06-23,158.75,40499200,35.359035041985955,-19.26871415137069,-476203400.0
2022-06-24,170.16000366210938,68736000,44.39907503334974,-7.521737140157947,-407467400.0
2022-06-27,169.49000549316406,29174600,44.009864071516965,-3.4630071068043944,-436642000.0
2022-06-28,160.67999267578125,27744500,39.149936363964216,-2.179472757078227,-464386500.0
2022-06-29,163.94000244140625,28595200,41.71480473365127,0.1282640440647631,-435791300.0
2022-06-30,161.25,35250600,40.20874225119409,-4.782997231523256,-471041900.0
2022-07-01,160.02999877929688,31423900,39.51199698080516,-0.5221584903255083,-502465800.0
2022-07-05,168.19000244140625,28618600,46.224064093664765,2.7177212647815363,-473847200.0
2022-07-06,169.77000427246094,23085900,47.44022889222924,8.099332042999752,-450761300.0
2022-07-07,172.19000244140625,24083400,49.33037036618613,10.48443740646221,-426677900.0
2022-07-08,170.8800048828125,19249200,48.31742788356197,7.640947957677158,-445927100.0
2022-07-11,162.8800048828125,21885600,42.5687789575341,-4.278325471685429,-467812700.0
2022-07-12,163.27000427246094,16639700,42.92528292772196,-3.6698336297794176,-451173000.0
2022-07-13,163.49000549316406,16555100,43.13970587898405,1.7488255821948018,-434617900.0
2022-07-14,158.0500030517578,23765200,39.21638567836923,-3.5927774197475615,-458383100.0
2022-07-15,164.6999969482422,23342800,45.71556783463932,2.139532991157944,-435040300.0
2022-07-18,167.22999572753906,23574300,47.99386573518725,4.4991545355017815,-411466000.0
2022-07-19,175.77999877929688,25933700,54.88494634692476,4.5127511907462114,-385532300.0
2022-07-20,183.08999633789065,24784300,59.79059106587261,7.845904300062734,-360748000.0
2022-07-21,183.1699981689453,27195800,59.842056241558126,6.376674354990719,-333552200.0
2022-07-22,169.27000427246094,42583900,48.27962797769857,-0.9421819781990748,-376136100.0
2022-07-25,166.64999389648438,26166300,46.457529926167815,2.3145806118954004,-402302400.0
2022-07-26,159.14999389648438,28468400,41.615715599225,-2.523433740530312,-430770800.0
2022-07-27,169.5800018310547,43846600,49.49825985237321,3.7249961057376435,-386924200.0
2022-07-28,160.72000122070312,73214300,44.0567802299915,1.6893376256822634,-460138500.0
2022-07-29,159.10000610351562,42065400,43.12330299554726,-3.400115937152315,-502203900.0
2022-08-01,159.92999267578125,40596700,43.78053653338336,-4.3652474067220615,-461607200.0
2022-08-02,160.19000244140625,27374500,43.99885252650822,-8.869038824755526,-434232700.0
2022-08-03,168.8000030517578,31721900,50.81073841623206,-7.80490118081646,-402510800.0
2022-08-04,170.57000732421875,23938200,52.10063823238937,-6.878850778338197,-378572600.0
2022-08-05,167.11000061035156,25832700,49.37492931578179,-1.2760699519051122,-404405300.0
2022-08-08,170.25,27299100,51.83746792419501,2.1602197631953146,-377106200.0
2022-08-09,168.52999877929688,18655100,50.39150029942178,5.89381416433703,-395761300.0
2022-08-10,178.33999633789062,30262100,57.647805423777385,5.16570020771856,-365499200.0
2022-08-11,177.49000549316406,24079100,56.871585455148576,10.434298248562168,-389578300.0
2022-08-12,180.5,21274000,58.978051466074696,13.450655610007223,-368304300.0
2022-08-15,180.88999938964844,15878700,59.25572879583214,13.10573855671866,-352425600.0
2022-08-16,179.47000122070312,21156700,57.72363157274965,12.03570665176128,-373582300.0
2022-08-17,174.85000610351562,20118100,52.92866749856033,3.5841249658643326,-393700400.0
2022-08-18,174.66000366210938,18844500,52.73465479519553,2.397840278048635,-412544900.0
2022-08-19,167.9600067138672,26240800,46.2909529805845,0.5086506495189269,-438785700.0
2022-08-22,163.0500030517578,19499700,42.21954374193995,-4.229073097352243,-458285400.0
2022-08-23,161.11000061035156,18111800,40.69650519254247,-4.402775899062561,-476397200.0
2022-08-24,163.25999450683594,20891500,43.14438643659126,-8.455759863582967,-455505700.0
2022-08-25,168.77999877929688,15550500,48.968565322128484,-4.907322352977584,-439955200.0
2022-08-26,161.77999877929688,24023600,42.95880858944375,-10.371191812023895,-463978800.0
2022-08-29,159.1699981689453,20052700,40.94124244027035,-12.00729796782014,-484031500.0
2022-08-30,157.16000366210938,19567900,39.40634060200419,-12.431045526744079,-503599400.0
2022-08-31,162.92999267578125,40953000,45.699753013406415,-6.81727938898522,-462646400.0
2022-09-01,165.36000061035156,30145700,48.142550974442884,-5.324632346710157,-432500700.0
2022-09-02,160.32000732421875,22634200,43.74674570691249,-4.548701526705557,-455134900.0
2022-09-06,158.5399932861328,19339800,42.27847278341618,-2.7660286299984738,-474474700.0
2022-09-07,160.38999938964844,16831200,44.36833434803032,-0.4469003897805579,-457643500.0
2022-09-08,162.05999755859375,22530800,46.259833833802034,-0.7350220437450372,-435112700.0
2022-09-09,169.14999389648438,22086800,53.48995568891656,0.21921739534511708,-413025900.0
2022-09-12,168.9600067138672,23220400,53.28308500569313,4.438130787950745,-436246300.0
2022-09-13,153.1300048828125,44444100,39.55595068251504,-3.794680753669344,-480690400.0
2022-09-14,151.47000122070312,43064200,38.43764618691207,-3.6205155948199397,-523754600.0
2022-09-15,149.5500030517578,34606300,37.130118100887664,-8.212109633275833,-558360900.0
2022-09-16,146.2899932861328,40122800,34.95583216392559,-11.532418513443666,-598483700.0
2022-09-19,148.02000427246094,22169500,37.06211699698984,-7.672157241661825,-576314200.0
2022-09-20,146.08999633789062,23217400,35.67421721419342,-7.85290619116682,-599531600.0
2022-09-21,142.1199951171875,38338600,32.94154187603344,-11.390987182483947,-637870200.0
2022-09-22,142.82000732421875,34418500,33.902966432065064,-11.872140271641474,-603451700.0
2022-09-23,140.41000366210938,31710700,32.19175724413187,-16.990831375355043,-635162400.0
2022-09-26,136.3699951171875,30497000,29.503401384487525,-19.28859511225677,-665659400.0
2022-09-27,134.39999389648438,30826500,28.263910830952906,-12.231444125311597,-696485900.0
2022-09-28,141.61000061035156,32658500,38.45494292923613,-6.509540193364627,-663827400.0
2022-09-29,136.41000366210938,38985400,34.6334874739301,-8.786358489809466,-702812800.0
2022-09-30,135.67999267578125,33166400,34.12085335773642,-7.252717955628829,-735979200.0
2022-10-03,138.61000061035156,27723100,38.08226886604214,-6.3572513109703355,-708256100.0
2022-10-04,140.27999877929688,34670700,40.286253853253164,-3.9769989076841705,-673585400.0
2022-10-05,138.97999572753906,27979300,39.118924087524825,-2.2094001530603036,-701564700.0
2022-10-06,139.07000732421875,36231100,39.25018047402489,-2.6256825428436215,-665333600.0
2022-10-07,133.4499969482422,33214800,34.280698468354224,-4.956916553193846,-698548400.0
2022-10-10,133.7899932861328,24024000,34.81836931733134,-1.8919131212387308,-674524400.0
2022-10-11,128.5399932861328,38481400,30.64866836214497,-4.36011969975606,-713005800.0
2022-10-12,127.5,34605200,29.885169968965368,-9.963985982300837,-747611000.0
2022-10-13,130.2899932861328,34325700,34.59256800509657,-4.48648208465412,-713285300.0
2022-10-14,126.76000213623048,23559400,31.693267726230793,-6.574285835101589,-736844700.0
2022-10-17,134.0399932861328,29612200,42.41285074816807,-3.2970256865271663,-707232500.0
2022-10-18,132.8000030517578,25445000,41.22610207805953,-5.3321897580761775,-732677500.0
2022-10-19,133.22999572753906,30691000,41.8338993086789,-4.13728606760968,-701986500.0
2022-10-20,131.52999877929688,26356300,40.0696438421044,-5.421735922788573,-728342800.0
2022-10-21,130.00999450683594,46348600,38.50598255171701,-2.577746361987876,-774691400.0
2022-10-24,129.72000122070312,63563400,38.199705095835135,-3.0420750950523767,-838254800.0
2022-10-25,137.50999450683594,38433200,49.76002947876433,6.978373805213844,-799821600.0
2022-10-26,129.82000732421875,82791500,41.50603875833772,1.8196135876225483,-882613100.0
2022-10-27,97.94000244140624,232316600,23.846357877505035,-24.82922136136889,-1114929700.0
2022-10-28,99.1999969482422,95928300,25.200931791296505,-21.741878134688907,-1019001400.0
2022-10-31,93.16000366210938,121361400,23.081459320256936,-30.49835248555828,-1140362800.0
2022-11-01,95.1999969482422,110189600,25.364601731125262,-28.31325695742739,-1030173200.0
2022-11-02,90.54000091552734,71821100,23.638511171242822,-32.042329941460444,-1101994300.0
2022-11-03,88.91000366210938,60664000,23.04769942605879,-32.40325059890139,-1162658300.0
2022-11-04,90.79000091552734,55638100,25.364711216000803,-30.166906582898445,-1107020200.0
2022-11-07,96.72000122070312,81987300,32.29005418485447,-25.43940771620441,-1025032900.0
2022-11-08,96.47000122070312,52088300,32.15459449343983,-29.84509848416336,-1077121200.0
2022-11-09,101.47000122070312,107677300,37.77681915240528,-21.837932910227742,-969443900.0
2022-11-10,111.87000274658205,80671000,47.518654706386975,14.22299362664361,-888772900.0
2022-11-11,113.0199966430664,59961700,48.47920032800854,13.931451733849155,-828811200.0
2022-11-14,114.22000122070312,53395000,49.51750755607347,22.60626527557705,-775416200.0
2022-11-15,117.08000183105467,50670500,52.00035053355937,22.983199143071474,-724745700.0
2022-11-16,113.2300033569336,33287800,48.53949973789214,25.060749074407163,-758033500.0
2022-11-17,111.4499969482422,35093800,46.982604516563356,25.35147042822432,-793127300.0
2022-11-18,112.0500030517578,33357700,47.5928067268836,23.416677962159227,-759769600.0
2022-11-21,109.86000061035156,24351100,45.53286933628177,13.585607137932708,-784120700.0
2022-11-22,111.44000244140624,29029000,47.30493702023612,15.51777861643735,-755091700.0
2022-11-23,112.23999786376952,21343100,48.22346707101993,10.613971137776002,-733748600.0
2022-11-25,111.41000366210938,12007600,47.30221774279883,-0.4111907331536435,-745756200.0
2022-11-28,108.77999877929688,23309400,44.40728076807432,-3.751546619807522,-769065600.0
2022-11-29,109.45999908447266,23899200,45.33876242435909,-4.1673980785842275,-745166400.0
2022-11-30,118.0999984741211,43348600,55.533549133328094,0.8711962992093758,-701817800.0
2022-12-01,120.44000244140624,36551400,57.82765772686208,6.367569434529341,-665266400.0
2022-12-02,123.48999786376952,39950500,60.67547590104076,10.803051812660659,-625315900.0
2022-12-05,122.43000030517578,35474900,59.179763411618936,9.263718849363434,-660790800.0
2022-12-06,114.12000274658205,43689200,48.98496883210065,3.8776644024786977,-704480000.0
2022-12-07,113.93000030517578,29461100,48.77806298044982,2.234384250914534,-733941100.0
2022-12-08,115.33000183105467,30619400,50.439188155596945,2.7530328101356805,-703321700.0
2022-12-09,115.9000015258789,26033400,51.13402640255328,4.0301568227096185,-677288300.0
2022-12-12,114.70999908447266,24747100,49.57147240085277,5.451370078802009,-702035400.0
2022-12-13,120.1500015258789,44701100,56.16584666836171,9.766126923824059,-657334300.0
2022-12-14,121.58999633789062,36922000,57.74114056968879,2.955121006656314,-620412300.0
2022-12-15,116.1500015258789,34531000,50.37579506490597,-3.56194024291423,-654943300.0
2022-12-16,119.43000030517578,67064000,54.17158752742283,-3.287713684368676,-587879300.0
2022-12-19,114.4800033569336,29769900,48.181843753233885,-6.493503984665184,-617649200.0
2022-12-20,117.08999633789062,28742500,51.24304809585618,2.602517980922081,-588906700.0
2022-12-21,119.76000213623048,20392800,54.222394398891595,5.117178807547007,-568513900.0
2022-12-22,117.12000274658205,23618100,50.90984388683496,1.552068748034463,-592132000.0
2022-12-23,118.04000091552734,17796600,52.01011905158824,1.8464187760779405,-574335400.0
2022-12-27,116.87999725341795,21392300,50.47397657043559,1.8917253824989544,-595727700.0
2022-12-28,115.62000274658205,19612500,48.78837855478121,-3.770286077209206,-615340200.0
2022-12-29,120.26000213623048,22366200,54.77764482349965,-1.093835218124506,-592974000.0
2022-12-30,120.33999633789062,19583800,54.87562575311665,3.6073997046639494,-573390200.0
2023-01-03,124.73999786376952,35528500,60.00823238832476,4.44611700998514,-537861700.0
2023-01-04,127.37000274658205,32397100,62.73656951802204,11.259607801948723,-505464600.0
2023-01-05,126.94000244140624,25447100,61.99190729239038,8.41233786965978,-530911700.0
2023-01-06,130.02000427246094,27584500,65.1800220293696,8.567135899479528,-503327200.0
2023-01-09,129.47000122070312,26649100,64.14530511319455,10.544738887039928,-529976300.0
2023-01-10,132.99000549316406,28684400,67.68138862623437,12.665202017691746,-501291900.0
2023-01-11,132.88999938964844,25423000,67.47777574941577,13.697811868969989,-526714900.0
2023-01-12,136.7100067138672,30757700,71.05929623705853,18.240791788865973,-495957200.0
2023-01-13,136.97999572753906,22423800,71.29986416747043,13.903204136291446,-473533400.0
2023-01-17,135.36000061035156,21147600,67.66534279450654,12.481306905052381,-494681000.0
2023-01-18,133.02000427246094,20215500,62.69403235677875,6.63781188912167,-514896500.0
2023-01-19,136.14999389648438,28625200,66.26434425584709,6.893295878599592,-486271300.0
2023-01-20,139.3699951171875,28688600,69.49840531876774,9.792021771481195,-457582700.0
2023-01-23,143.27000427246094,27470100,72.8884656672385,10.190739551303363,-430112600.0
2023-01-24,143.13999938964844,21970200,72.59880264160556,10.558429010626579,-452082800.0
2023-01-25,141.5,26622000,68.88005713088985,6.398972971900041,-478704800.0
2023-01-26,147.3000030517578,25482100,73.96017981678011,10.843557625324095,-453222700.0
2023-01-27,151.74000549316406,35771900,77.04890011990246,10.994073616538191,-417450800.0
2023-01-30,147.05999755859375,28040100,67.9057617712809,7.358740068224545,-445490900.0
2023-01-31,148.97000122070312,29842100,69.49668137355059,10.054669436305218,-415648800.0
2023-02-01,153.1199951171875,55661000,72.66702283858963,15.110502329827291,-359987800.0
2023-02-02,188.7700042724609,150475700,86.06537056355323,38.64855874762936,-209512100.0
2023-02-03,186.52999877929688,76809700,83.30227879343288,33.83798903232758,-286321800.0
2023-02-06,186.05999755859372,42483800,82.70232312440197,29.86667970272252,-328805600.0
2023-02-07,191.6199951171875,47080700,84.15605987700629,33.86893665939545,-281724900.0
2023-02-08,183.42999267578125,36139100,74.25628494116305,29.63250365779593,-317864000.0
2023-02-09,177.9199981689453,37118800,68.42447676394785,20.787504740531702,-354982800.0
2023-02-10,174.14999389648438,33433600,64.68143217818236,14.768675096911,-388416400.0
2023-02-13,179.42999267578125,31463200,67.37335495135012,22.011420953743844,-356953200.0
2023-02-14,179.47999572753906,24034600,67.39869700710837,20.480629829380568,-332918600.0
2023-02-15,177.16000366210938,25308900,64.88067536748802,15.700110574404924,-358227500.0
2023-02-16,172.44000244140625,25827500,59.971660723287535,-8.650739768742477,-384055000.0
2023-02-17,172.8800048828125,24171300,60.27341805065436,-7.317854493011122,-359883700.0
2023-02-21,172.0800018310547,34592600,59.39667242356585,-7.513703058679488,-394476300.0
2023-02-22,171.1199951171875,22433200,58.30072665143052,-10.69825723952398,-416909500.0
2023-02-23,172.0399932861328,20017800,59.07994740281611,-6.209453112600105,-396891700.0
2023-02-24,170.38999938964844,19791300,57.02190735774519,-4.232238566092327,-416683000.0
2023-02-27,169.5399932861328,19277000,55.940804980478106,-2.647143710548605,-435960000.0
2023-02-28,174.94000244140625,46051100,60.99964326921772,-2.5023632712776855,-389908900.0
